..	The word recap.
1.	The unique handwriting.
2.	The original scene.
3.	The new animate.
4.	The jigsaw puzzle.
5.	The miracle mouthpiece.
6.	The morning breakfast.
7.	The twelve o'clock.
8.	The bookmark idea.
9.	The personal office.
10.	The cheap element.
11.	The optimum table.
12.	The forehead tip.
13.	
14.	
15.	The placeholder port.
16.	The heavenly dinner.
17.	The architectural text.
18.	The space setting.
19.	The summary feature.
20.	The running shoes.
21.	The night diaries.
22.	The large line.
23.	The poorest taste.
24.	The disrupting buzzer.
25.	The despicable mind.
26.	The civic friend.
::.	The charity fiction.