..	The green colour in the computing industry is misleading.
1.	Eat a total of one soap in my lifetime.
2.	At this time, IPL-2025 has ~570,000,000 views at JioHotstar.
3.	The latest age replicates into millennia on the Earth.
4.	I put the right question in the right place.
5.	Wing flaps, foot steps & turn angles scale costs.
6.	A signature is the easiest task to contradict performance.
7.	Body gesture is the substitution form of work vibration.
8.	
9.	
10.	
11.	
12.	
13.	
14.	
15.	
16.	
17.	
18.	
19.	
20.	Matrix is neither less than nine nor more vertices.
21.	Everything has a source of food, which is honey.
22.	The most comfortable accessory is a nail cutter machine.
23.	Currently most things have been justified with added symbols.
24.	The grievance of this information hypothetically not being available.
25.	You complete reading it soon, the next over IoT.
26.	America, including the USA, doesn't recognise the cricket game.
::	Creativity is written here, which thoroughly rejects secondary lecture.