																			
	stack	line	session	lens	event	program	module	phase	advance	cascade	boundary	magazine	journal	start	day	morning	noon	evening	night
	1	gym	skeleton	earn	tube	cone	light	pay	card	preference	air	economy	log	art	mushroom	basket	fruit	nourish	manual
	2	tiffin	nerve	profile	cap	trace	cabin	canteen	quick	portfolio	fire	territory	cube	home	ace	giant	vitamin	cloud	solid
	3	course	palm	school	channel	slate	team	cost	policy	streamline	water	finite	term	complex	candle	bar	boil	tip	ideal
	4	fashion	forehead	micro	cloth	draw	mask	profession	foreign	mechanic	river	afloat	name	cast	age	copy	crop	bundle	tweet
	5	trance	retina	pilot	plate	instance	jump	assistance	orbit	prototype	waterfall	blink	path	box	hook	compute	mineral	vault	change
	6	race	skin	engine	pack	entity	serial	source	spin	numeric	stone	alternate	shop	file	wall	exist	molecule	bag	logo
	7	tool	brow	scheme	stock	ship	sign	style	wave	theme	spark	opposite	sine	map	query	clone	drop	carbon	shine
	8	mart	tooth	summary	dry	cell	thin	manage	torque	material	nation	inverse	tiny	score	essay	arrow	protein	key	bread
	9	prize	spine	badge	slab	coin	lamp	service	experience	Fibonacci	nuclear	speed	lean	account	label	calendar	cereal	coupon	shell
	10	app	rib	bank	pen	ring	guide	basic	vector	scrutiny	industry	state	big	sequence	blue	red	sugar	yellow	green
	11	trade	nail	poll	matter	notion	same	toll	fraction	property	collage	priority	segment	test	multiplex	rank	chocolate	joint	screen
	12	slash	hair		epic		symbol	book	section	report	marble	bright	sense	grey			starch		
	13	edition	mole		witness		land	brochure	small	sponsor	cyber	document	laminate	hall			calcium		
	14	city	transparent		tongue		street	glossary	solution	quarter	free	directory	simple	help			memory		
	15	sport	appoint		release		party	chart	point	assembly	century	domain	parity	seal			finger		
	16	lock	weight	tender	bot	track	male	clock	make	gather	character	spread	mean	oath	device	admin	foil	author	panel
	17	origin	mass	deal	code	fiction	main	reason	matrix	committee	civil	bind	mat	brush	catch	gear	collar	instrument	powder
	18	swap	disc	angle	port	dash	row	enlist	condition	compound	pattern	appendix	short	model	button	print	cron	ticket	crust
	19	strategy	guest	standard	index	paper	organ	interest	client	frequency	chrome	variable	due	tactic	vessel	size	algorithm	rotate	filter
	20	holiday	lift	agent	fold	table	leap	office	rent	temporary	thumbnail	neutral	leak	focus	logic	relay	tangle	switch	board
	21	default	scent	pole	step	adapt	context	pension	recent	compact	structure	negative	range	triangle	balance	wire	element	task	ground
	22	fork	deodorant	face	wrap	wide	contrast	axis	distinct	generic	metro	positive	distance	delta	texture	respect	mesh	legal	nest
	23	traffic	thirst	chair	mail	blaze	try	view	trust	medium	flat	public	thrust	bet	native	pass	haystack	refer	genus
	24	atlas	wet	province	mix	pulse	sight	future	set	processor	ink	dedicate	slide	excise	alien	plain	blast	connect	sphere
	25	nibble	bent	idea	shuffle	abstract	boat	shade	back	designation	pad	private	bit	icon	raw	grow	flux	core	scene
	26	gain	vibrant	admit	aid	stamp	support	asset	valve	configuration	trim	protect	variety	sketch	aerodynamic	link	root	cream	slip
	queue	ball	season	carnival	weather	flower	function	bat	adventure	carrier	boarding	magic	journey	wicket	mountain	stretch	hill	plateau	sea
																			
				hub							slide								
				space	case						assembly	class							
				court	line	curve					routine	service	type						
				map	graph	top	closure				parameter	argument	cover	reference					
				pin	polar	form	shift	union			value	information	net	module	socket				
				dial	digit	dialogue	directive	bar	member		roll	pool	batch	version	volume	delegate			
				division	address	diagram	pitch	mark	state	yet	legend	single	chart	sort	hit	double	use		