	Use mathematical constants as another available suggestion.
1.	Hypothetically, revisit all options here as per specification.
2.	Have separate gender-based bathrooms.
3.	Wearing suitable pants for the lower body.
4.	Switch to a generic skirt-based solution.
5.	Improvise a general bathroom for random use.
6.	Establish a new facility to suit needs.
7.	Using a water-based pair of commodes.
8.	Decrease water intake to decline frequency.
9.	Practise a retractable sanitation process.
10.	Maintain lotus shape during bathroom usage.
11.	Use a convenient time for using the bathroom.
12.	Engage the bathroom course at once.
13.	Determine to suspend sweet foods.
14.	Replace the garment after each usage of the bathroom.
15.	Build a concept DIY bathroom.
16.	Actually, don't hype to ruin the bathroom saga.
17.	Make sure to clean yourself after using the bathroom.
18.	Chilli food products show positive results & leave other options.
19.	Reinventing sexual education comprises the bathroom process.
20.	Do not pour filth in the bathroom.
21.	Let the bathroom be spacious with minimum electronic junk.
22.	Intervene in freelancing projects for the life process of cleanliness.
23.	Use dedicated bathroom gowns.
24.	Use solid, convenient storage blocks for emergency usage.
25.	Compromise on at least two to three times of bathroom usage.
26.	Fruit juice is preferred for regular use.
	This phenomenon has been bound to cold & hot temperatures.