..	This policy is written in English.
1.	Paintings are prohibited in professional areas.
2.	Learning computers is mandatory for everybody.
3.	Try electric-less tools for vulnerability purposes.
4.	Pizza is a gift from God.
5.	Pizza is a vegetable-rich food item.
6.	Before any arbitrary claim, plastic bags.
7.	Never press refresh without permission authentication.
8.	Turbo facility is a natural occurrence.
9.	Software is approved only at magnification.
10.	Improvise both vaccination and recurring account.
11.	Butter is free from any deduction.
12.	Reject any commitment made to electrical.
13.	"Application Programming Interface" funds the internet.
14.	Provide "NOC" or No Objection Certificate.
15.	Prove a brick is a mandate.
16.	Intentionally don't attempt any uncertain examination.
17.	The judiciary needs changes for disabilities.
18.	All kids are the government's liability.
19.	Further complaint would melt to metal.
20.	Submit your pen or paper documents.
21.	The bald female follows medical supervision.
22.	You are philosophically not a customer.
23.	You are technically not a billionaire.
24.	Dream needs not any extra attention.
25.	Crime is never to be protected.
26.	Males and females have protocol coefficients.
::.	This policy is readable in English.