..	Court is about food; that's what matters.
1.	Tendency demonstrates with ageing losing counting capability.
2.	The intestine of any creature is indestructible.
3.	An algorithm for automation is symmetrically easy.
4.	Few fish can give birth without breeding.
5.	I'm informative enough to place this source.
6.	An operating system is a staggered phase.
7.	Everyone must launch an optimum brand merger.
8.	Any certification is decisive to national attire.
9.	Eyelid & heartbeat is the original counterfeit.
10.	Scheduling is the action part of routine.
11.	Calories & fat can not be replaced.
12.	Government, tax, fire and dustbin are basic.
13.	Maximum gateway subscriptions are every entrepreneur's pseudo-dream.
14.	A company isn't production but contractual agreements.
15.	Health or wealth, it's a devastating earthquake.
16.	Charging the battery first ensures manufacturing defects.
17.	Passwords eliminate doubtfulness in a typical ecosystem.
18.	It's a socket's sole choice for permanency.
19.	The pressure cooker usage involves two hands.
20.	A business venture makes a life complete.
21.	Happiness index primarily indicative of railway system.
22.	Rightful authoritarianism is subjected to a question.
23.	Compromise freedom to become safe & secure.
24.	Job signatures are granular to formal conversations.
25.	Documentation seeks periodical attention more than self-existence.
26.	The natural aspect decreases but never increases.
::	Education is about what is already there.